Aaoar1	Aaosphaeria	arxii	Aaosphaeria arxii
Abobi1	Abortiporus	biennis	Abortiporus biennis
Abobie1	Abortiporus	biennis	Abortiporus biennis
Absrep1	Absidia	repens	Absidia repens
Achstr1	Achaetomium	strumarium	Achaetomium strumarium
Aciri1	Acidomyces	richmondensis	Acidomyces richmondensis
Acral2	Acremonium	alcalophilum	Acremonium alcalophilum
Acrchr1	Acremonium	chrysogenum	Acremonium chrysogenum
Agabi	Agaricus	bisporus	Agaricus bisporus
Agabi	Agaricus	bisporus	Agaricus bisporus
Agahy1	Agaricostilbum	hyphaenes	Agaricostilbum hyphaenes
Agrpra2	Agrocybe	praecox	Agrocybe praecox
Albpec1	Albatrellus	peckianus	Albatrellus peckianus
Alikh1	Aliquandostipite	khaoyaiensis	Aliquandostipite khaoyaiensis
Altal1	Alternaria	alternata	Alternaria alternata
Altalt1	Alternaria	alternata	Alternaria alternata
Altro1	Alternaria	rosae	Alternaria rosae
Amamu1	Amanita	muscaria	Amanita muscaria
Amath1	Amanita	thiersii	Amanita thiersii
Amnli1	Amniculicola	lignicola	Amniculicola lignicola
Amore1	Amorphotheca	resinae	Amorphotheca resinae
Amycha1	Amylostereum	chailletii	Amylostereum chailletii
Amylap1	Amylocystis	lapponica	Amylocystis lapponica
Anasp1	Anaeromyces	robustus	Anaeromyces robustus
Anoalb1	Anomoloma	albolutescens	Anomoloma albolutescens
Anomyc1	Anomoporia	myceliosa	Anomoporia myceliosa
Antav1	Anthostoma	avocetla	Anthostoma avocetla
Antser1	Antrodia	serialis	Antrodia serialis
Antsi1	Antrodia	sinuosa	Antrodia sinuosa
Apibac1	Apiosordaria	backusii	Apiosordaria backusii
Apimo1	Apiospora	montagnei	Apiospora montagnei
Aplpr1	Aplosporella	prunicola	Aplosporella prunicola
Apope1	Apodospora	peruviana	Apodospora peruviana
Armcep1	Armillaria	cepistipes	Armillaria cepistipes
Armect1	Armillaria	ectypa	Armillaria ectypa
Armlut1	Armillaria	luteobubalina	Armillaria luteobubalina
Armnab1	Armillaria	nabsnona	Armillaria nabsnona
Armosto1	Armillaria	ostoyae	Armillaria ostoyae
Artel1	Artolenzites	elegans	Artolenzites elegans
Ascim1	Ascobolus	immersus	Ascobolus immersus
Ascra1	Ascochyta	rabiei	Ascochyta rabiei
Ascru1	Ascoidea	rubescens	Ascoidea rubescens
Aspacri1	Aspergillus	acristatulus	Aspergillus acristatulus
Aspacu1	Aspergillus	aculeatinus	Aspergillus aculeatinus
Aspamy1	Aspergillus	amylovorus	Aspergillus amylovorus
Aspbisp1	Aspergillus	bisporus	Aspergillus bisporus
Aspbom1	Aspergillus	bombycis	Aspergillus bombycis
Aspbr1	Aspergillus	brasiliensis	Aspergillus brasiliensis
Aspbrev1	Aspergillus	brevijanus	Aspergillus brevijanus
Aspbru1	Aspergillus	brunneoviolaceus	Aspergillus brunneoviolaceus
Aspca3	Aspergillus	carbonarius	Aspergillus carbonarius
Aspcal1	Aspergillus	calidoustus	Aspergillus calidoustus
Aspcam1	Aspergillus	campestris	Aspergillus campestris
Aspcand1	Aspergillus	candidus	Aspergillus candidus
Aspchev1	Aspergillus	chevalieri	Aspergillus chevalieri
Aspcos1	Aspergillus	costaricaensis	Aspergillus costaricaensis
Aspcri1	Aspergillus	cristatus	Aspergillus cristatus
Aspdese1	Aspergillus	desertorum	Aspergillus desertorum
Aspell1	Aspergillus	ellipticus	Aspergillus ellipticus
Aspfij1	Aspergillus	fijiensis	Aspergillus fijiensis
Aspfili1	Aspergillus	filifera	Aspergillus filifera
Aspfo1	Aspergillus	acidus	Aspergillus acidus
Aspfuni1	Aspergillus	funiculosus	Aspergillus funiculosus
Aspgl1	Aspergillus	glaucus	Aspergillus glaucus
Asphom1	Aspergillus	homomorphus	Aspergillus homomorphus
Aspibe1	Aspergillus	ibericus	Aspergillus ibericus
Aspind1	Aspergillus	indologenus	Aspergillus indologenus
Aspind2	Aspergillus	indicus	Aspergillus indicus
Aspinso1	Aspergillus	insolitus	Aspergillus insolitus
Aspjap1	Aspergillus	japonicus	Aspergillus japonicus
Aspmul1	Aspergillus	multicolor	Aspergillus multicolor
Aspne1	Aspergillus	neoechinulatus	Aspergillus neoechinulatus
Aspneoa1	Aspergillus	neoauricomus	Aspergillus neoauricomus
Aspni7	Aspergillus	niger	Aspergillus niger
Aspni	Aspergillus	niger	Aspergillus niger
Aspnom13137	Aspergillus	nomius	Aspergillus nomius
Aspnov1	Aspergillus	novofumigatus	Aspergillus novofumigatus
Aspoch1432	Aspergillus	ochraceoroseus	Aspergillus ochraceoroseus
Aspoch1	Aspergillus	ochraceoroseus	Aspergillus ochraceoroseus
Aspoli1	Aspergillus	olivicola	Aspergillus olivicola
Aspparv1	Aspergillus	parvulus	Aspergillus parvulus
Asppeni1	Aspergillus	penicilloides	Aspergillus penicilloides
Aspph1	Aspergillus	niger	Aspergillus niger
Asppip1	Aspergillus	piperis	Aspergillus piperis
Aspram1	Aspergillus	rambellii	Aspergillus rambellii
Asprec1	Aspergillus	recurvatus	Aspergillus recurvatus
Aspres1	Aspergillus	restrictus	Aspergillus restrictus
Asprobu1	Aspergillus	robustus	Aspergillus robustus
Aspros1	Aspergillus	roseoglobulosus	Aspergillus roseoglobulosus
Aspsc1	Aspergillus	sclerotiorum	Aspergillus sclerotiorum
Aspscle1	Aspergillus	sclerotiicarbonarius	Aspergillus sclerotiicarbonarius
Aspste1	Aspergillus	steynii	Aspergillus steynii
Aspstec1	Aspergillus	stercoraria	Aspergillus stercoraria
Aspstel1	Aspergillus	stella-maris	Aspergillus stella-maris
Aspsy1	Aspergillus	sydowii	Aspergillus sydowii
Asptaic1	Aspergillus	taichungensis	Aspergillus taichungensis
Asptr1	Aspergillus	triticus	Aspergillus triticus
Asptu1	Aspergillus	tubingensis	Aspergillus tubingensis
Aspuda1	Aspergillus	udagawae	Aspergillus udagawae
Aspund1	Aspergillus	undulatus	Aspergillus undulatus
Aspung1	Aspergillus	unguis	Aspergillus unguis
Aspve1	Aspergillus	versicolor	Aspergillus versicolor
Aspven1	Aspergillus	venezuelensis	Aspergillus venezuelensis
Aspvio1	Aspergillus	violaceofuscus	Aspergillus violaceofuscus
Aspwe1	Aspergillus	wentii	Aspergillus wentii
Aspwel1	Aspergillus	welwitchiae	Aspergillus welwitchiae
Aspzo1	Aspergillus	zonatus	Aspergillus zonatus
Atrsp2	Atractiellales	rhizophila	Atractiellales rhizophila
Aulhe2	Aulographum	hederae	Aulographum hederae
Auramp1	Auriculariopsis	ampla	Auriculariopsis ampla
Aurde3	Auricularia	delicata	Auricularia delicata
Aurpu	Aureobasidium	pullulans	Aureobasidium pullulans
Aurpu	Aureobasidium	pullulans	Aureobasidium pullulans
Aurpu	Aureobasidium	pullulans	Aureobasidium pullulans
Aurpu	Aureobasidium	pullulans	Aureobasidium pullulans
Aurvu1	Auriscalpium	vulgare	Auriscalpium vulgare
Babin1	Babjeviella	inositovora	Babjeviella inositovora
Bacci1	Backusella	circina	Backusella circina
Basme2finSC	Basidiobolus	meristosporus	Basidiobolus meristosporus
Batde5	Batrachochytrium	dendrobatidis	Batrachochytrium dendrobatidis
Bauco1	Baudoinia	compniacensis	Baudoinia compniacensis
Bisnum1	Biscogniauxia	nummularia	Biscogniauxia nummularia
Bissp1	Bisporella	sp.	Bisporella sp.
Bjead1	Bjerkandera	adusta	Bjerkandera adusta
Blabri1	Blastocladiella	britannica	Blastocladiella britannica
Blatri	Blakeslea	trispora	Blakeslea trispora
Blatri	Blakeslea	trispora	Blakeslea trispora
Blugr2	Blumeria	graminis	Blumeria graminis
Blugra1	Blumeria	graminis	Blumeria graminis
BlugrR1	Blumeria	graminis	Blumeria graminis
Blyhe1	Blyttiomyces	helicus	Blyttiomyces helicus
Boeex1	Boeremia	exigua	Boeremia exigua
Boled1	Boletus	edulis	Boletus edulis
Bombar1	Lasiosphaeriaceae	sp.	Lasiosphaeriaceae sp.
Bombom1	Bombardia	bombarda	Bombardia bombarda
Botbo1	Botryobasidium	botryosum	Botryobasidium botryosum
Botmuc1	Botryozyma	mucatilis	Botryozyma mucatilis
Bysci1	Byssothecium	circinans	Byssothecium circinans
Bysni1	Paecilomyces	niveus	Paecilomyces niveus
Byssp1	Byssochlamys	spectabilis	Byssochlamys spectabilis
Cadsp1	Cadophora	sp.	Cadophora sp.
Caecom1	Caecomyces	churrovis	Caecomyces churrovis
Calco1	Calocera	cornea	Calocera cornea
Calvi1	Calocera	viscosa	Calocera viscosa
Canalb1	Candida	albicans	Candida albicans
Canar1	Candida	arabinofermentans	Candida arabinofermentans
Canca1	Candida	caseinolytica	Candida caseinolytica
Canta1	Candida	tanzawaensis	Candida tanzawaensis
Cante1	Candida	tenuis	Candida tenuis
Capcor1	Capronia	coronata	Capronia coronata
Capep1	Capronia	epimyces	Capronia epimyces
Capse1	Capronia	semiimmersa	Capronia semiimmersa
Catan2	Catenaria	anguillulae	Catenaria anguillulae
Caupr1	Caulochytrium	protostelioides	Caulochytrium protostelioides
Caupr	Caulochytrium	protostelioides	Caulochytrium protostelioides
Cenge3	Cenococcum	geophilum	Cenococcum geophilum
Cercau1	Cercophora	caudata	Cercophora caudata
Cernew1	Cercophora	newfieldiana	Cercophora newfieldiana
Cersc1	Cercophora	scortea	Cercophora scortea
Cersu1	Ceriporiopsis	(Gelatoporia)	Ceriporiopsis (Gelatoporia)
Cerun2	Cerrena	unicolor	Cerrena unicolor
Cerzm1	Cercospora	zeae-maydis	Cercospora zeae-maydis
Chafi1	Chaetomidium	fimeti	Chaetomidium fimeti
Chalo1	Chalara	longipes	Chalara longipes
Chlpad1	Absidia	padenii	Absidia padenii
Chocucu1	Choanephora	cucurbitarum	Choanephora cucurbitarum
Chove1	Choiromyces	venosus	Choiromyces venosus
Chyhya1	Chytriomyces	hyalinus	Chytriomyces hyalinus
Chylag1	Chytridium	lagenaria	Chytridium lagenaria
Chytri1	Chytriomyces	sp.	Chytriomyces sp.
Cirumb1	Circinella	umbellata	Circinella umbellata
Claba1	Cladophialophora	bantiana	Cladophialophora bantiana
Clabul1	Cladorrhinum	bulbillosum	Cladorrhinum bulbillosum
Claca1	Cladophialophora	carrionii	Cladophialophora carrionii
Clael1	Clathrospora	elynae	Clathrospora elynae
Claim1	Cladophialophora	immunda	Cladophialophora immunda
ClaPMI390	Clavulina	sp.	Clavulina sp.
Clapol1	Cladochytrium	polystomum	Cladochytrium polystomum
Claps1	Cladophialophora	psammophila	Cladophialophora psammophila
Clapy1	Clavicorona	pyxidata	Clavicorona pyxidata
Clasph1	Cladosporium	sphaerospermum	Cladosporium sphaerospermum
Claye1	Cladophialophora	yegresii	Cladophialophora yegresii
Clibor1	Climacocystis	borealis	Climacocystis borealis
Cligib1	Clitocybe	gibba	Clitocybe gibba
Cloaq1	Clohesyomyces	aquaticus	Clohesyomyces aquaticus
Cocba1	Coccodinium	bartschii	Coccodinium bartschii
Cocca1	Cochliobolus	carbonum	Cochliobolus carbonum
CocheC4	Cochliobolus	heterostrophus	Cochliobolus heterostrophus
CocheC5	Cochliobolus	heterostrophus	Cochliobolus heterostrophus
Coclu2	Cochliobolus	lunatus	Cochliobolus lunatus
Cocmi1	Cochliobolus	miyabeanus	Cochliobolus miyabeanus
Cocsa1	Cochliobolus	sativus	Cochliobolus sativus
Cocvi1	Cochliobolus	victoriae	Cochliobolus victoriae
Coemoj1	Coemansia	mojavensis	Coemansia mojavensis
Coere1	Coemansia	reversa	Coemansia reversa
Coespi1	Coemansia	spiralis	Coemansia spiralis
Cokrec1	Cokeromyces	recurvatus	Cokeromyces recurvatus
Colab1	Colletotrichum	abscissum	Colletotrichum abscissum
Colac2	Colletotrichum	acutatum	Colletotrichum acutatum
Colce1	Colletotrichum	cereale	Colletotrichum cereale
Colch1	Colletotrichum	chlorophyti	Colletotrichum chlorophyti
Colco1	Colletotrichum	costaricense	Colletotrichum costaricense
Colcu1	Colletotrichum	cuscutae	Colletotrichum cuscutae
Colhig2	Colletotrichum	higginsianum	Colletotrichum higginsianum
Colin1	Colletotrichum	incanum	Colletotrichum incanum
Collu1	Colletotrichum	lupini	Colletotrichum lupini
Collup1	Colletotrichum	lupini	Colletotrichum lupini
Colme1	Colletotrichum	melonis	Colletotrichum melonis
Colna1	Colletotrichum	navitas	Colletotrichum navitas
Color1	Colletotrichum	orchidophilum	Colletotrichum orchidophilum
Colorb1	Colletotrichum	orbiculare	Colletotrichum orbiculare
Colpa1	Colletotrichum	paranaense	Colletotrichum paranaense
Colph1	Colletotrichum	phormii	Colletotrichum phormii
Colsp1	Colletotrichum	sp.	Colletotrichum sp.
Colta1	Colletotrichum	tamarilloi	Colletotrichum tamarilloi
Colto1	Colletotrichum	tofieldiae	Colletotrichum tofieldiae
Coltof1	Colletotrichum	tofieldiae	Colletotrichum tofieldiae
Conap1	Coniosporium	apollinis	Coniosporium apollinis
Conco1	Conidiobolus	coronatus	Conidiobolus coronatus
Conioc1	Coniochaeta	sp.	Coniochaeta sp.
Conlig1	Coniochaeta	ligniaria	Coniochaeta ligniaria
ConPMI546	Coniochaeta	sp.	Coniochaeta sp.
Conpu1	Coniophora	puteana	Coniophora puteana
Conth1	Conidiobolus	thromboides	Conidiobolus thromboides
Copang1	Coprinellus	angulatus	Coprinellus angulatus
Copci	Coprinopsis	cinerea	Coprinopsis cinerea
Copscl1	Coprinopsis	sclerotiger	Coprinopsis sclerotiger
Corca1	Corynespora	cassicola	Corynespora cassicola
Corgl3	Cortinarius	glaucopus	Cortinarius glaucopus
Cornip1	Boliniaceae	sp.	Boliniaceae sp.
Corsim1	Myceliophthora	similis	Myceliophthora similis
Crafun1	Crassisporium	funariophilum	Crassisporium funariophilum
Creces1	Crepidotus	cesatii	Crepidotus cesatii
Crison1	Cristinia	sonorae	Cristinia sonorae
Croqu1	Cronartium	quercuum	Cronartium quercuum
Crypa2	Cryphonectria	parasitica	Cryphonectria parasitica
Crypo1	Cryptodiaporthe	populea	Cryptodiaporthe populea
Crypto1	Cryptodiaporthe	sp.	Cryptodiaporthe sp.
Cryvi1	Cryptococcus	vishniaci	Cryptococcus vishniaci
Cucbe1	Cucurbitaria	berberidis	Cucurbitaria berberidis
Cunech1	Cunninghamella	echinulata	Cunninghamella echinulata
Currey1	Teichospora	sp.	Teichospora sp.
Cybja1	Cyberlindnera	jadinii	Cyberlindnera jadinii
Cylto1	Cylindrobasidium	torrendii	Cylindrobasidium torrendii
Cypeu1	Cyphellophora	europaea	Cyphellophora europaea
Cysmur1	Cystostereum	murraii	Cystostereum murraii
Cytch1	Cytospora	chrysosperma	Cytospora chrysosperma
Cytmel1	Cytidiella	melzeri	Cytidiella melzeri
Daces1	Dactylonectria	estremocensis	Dactylonectria estremocensis
Dacma1	Dactylonectria	macrodidyma	Dactylonectria macrodidyma
Dacsp1	Dacryopinax	primogenitus	Dacryopinax primogenitus
Daequ1	Daedalea	quercina	Daedalea quercina
DalEC12	Daldinia	eschscholtzii	Daldinia eschscholtzii
Dekbr2	Dekkera	bruxellensis	Dekkera bruxellensis
Delco1	Delitschia	confertaspora	Delitschia confertaspora
Delst1	Delphinella	strobiligena	Delphinella strobiligena
Denbi1	Dendrothele	bispora	Dendrothele bispora
Denna1	Dendryphion	nanum	Dendryphion nanum
Dicele1	Dichotomocladium	elegans	Dichotomocladium elegans
Dicsq1	Dichomitus	squalens	Dichomitus squalens
Didex1	Didymella	exigua	Didymella exigua
Didsa1	Didymocrea	sadasivanii	Didymocrea sadasivanii
DimcrSC1	Dimargaris	cristalligena	Dimargaris cristalligena
Diocr1	Dioszegia	cryoxerica	Dioszegia cryoxerica
Disac1	Dissoconium	aciculare	Dissoconium aciculare
Disorn1	Dissophora	ornata	Dissophora ornata
Dotse1	Dothistroma	septosporum	Dothistroma septosporum
Dotsy1	Dothidotthia	symphoricarpi	Dothidotthia symphoricarpi
Earsca1	Earliella	scabrosa	Earliella scabrosa
Elmca1	Aporpium	caryae	Aporpium caryae
EndpusZ1	Endocarpon	pusillum	Endocarpon pusillum
Enthel1	Entophlyctis	helioformis	Entophlyctis helioformis
Entma1	Entoleuca	mammata	Entoleuca mammata
Epityp1	Epithele	typhae	Epithele typhae
Erynec1	Erysiphe	necator	Erysiphe necator
Eurhe1	Eurotium	herbariorum	Eurotium herbariorum
Exigl1	Exidia	glandulosa	Exidia glandulosa
Exoalc1	Exophiala	alcalophila	Exophiala alcalophila
Exoalc1	Exophiala	alcalophila	Exophiala alcalophila
Exoaq1	Exophiala	aquamarina	Exophiala aquamarina
Exode1	Exophiala	dermatitidis	Exophiala dermatitidis
Exomac1	Exobasidium	maculosum	Exobasidium maculosum
Exome1	Exophiala	mesophila	Exophiala mesophila
Exool1	Exophiala	oligosperma	Exophiala oligosperma
Exosi1	Exophiala	sideris	Exophiala sideris
Exosp1	Exophiala	spinifera	Exophiala spinifera
Exova1	Exobasidium	vaccinii	Exobasidium vaccinii
Exoxe1	Exophiala	xenobiotica	Exophiala xenobiotica
Fenfe1	Fenestella	fenestrata	Fenestella fenestrata
Fenlin1	Fennellomyces	sp.	Fennellomyces sp.
Fibsp1	Fibulorhizoctonia	sp.	Fibulorhizoctonia sp.
Fishe1	Fistulina	hepatica	Fistulina hepatica
Fomfom1	Fomes	fomentarius	Fomes fomentarius
Fomme1	Fomitiporia	mediterranea	Fomitiporia mediterranea
Fompi3	Fomitopsis	pinicola	Fomitopsis pinicola
Fomro1	Fomitopsis	rosea	Fomitopsis rosea
Fomros1	Rhodofomes	roseus	Rhodofomes roseus
Fonmo1	Fonsecaea	monophora	Fonsecaea monophora
Fonmu1	Fonsecaea	multimorphosa	Fonsecaea multimorphosa
Fonnu1	Fonsecaea	nubica	Fonsecaea nubica
Fonpe1	Fonsecaea	pedrosoi	Fonsecaea pedrosoi
Fusco1	Fusarium	commune	Fusarium commune
Fuseq1	Fusarium	equiseti	Fusarium equiseti
Fusoxy1	Fusarium	oxysporum	Fusarium oxysporum
Fusoxys1	Fusarium	oxysporum	Fusarium oxysporum
Fusps1	Fusarium	pseudograminearum	Fusarium pseudograminearum
Fusre1	Fusarium	redolens	Fusarium redolens
Fusso1	Fusarium	solani	Fusarium solani
Fustr1	Fusarium	tricinctum	Fusarium tricinctum
Fustri1	Fusarium	tricinctum	Fusarium tricinctum
Fusven1	Fusarium	venenatum	Fusarium venenatum
Gaesem1	Gaertneriomyces	semiglobifer	Gaertneriomyces semiglobifer
Galma1	Galerina	marginata	Galerina marginata
Ganpr1	Gonapodya	prolifera	Gonapodya prolifera
Gansp1	Ganoderma	sp.	Ganoderma sp.
Gelte1	Gelasinospora	tetrasperma	Gelasinospora tetrasperma
Geocar1	Geopyxis	carbonaria	Geopyxis carbonaria
Gilper1	Gilbertella	persicaria	Gilbertella persicaria
Gloac1	Glomerella	acutata	Glomerella acutata
Gloci1	Glomerella	cingulata	Glomerella cingulata
Glocon1	Gloeopeniophorella	convolvens	Gloeopeniophorella convolvens
Gloin1	Glomus	intraradices	Glomus intraradices
Glonio1	Gloniopsis	sp.	Gloniopsis sp.
Glopol1	Globomyces	pollinis-pini	Globomyces pollinis-pini
Glotr1	Gloeophyllum	trabeum	Gloeophyllum trabeum
Golci1	Golovinomyces	cichoracearum	Golovinomyces cichoracearum
Gonbut1	Gongronella	butleri	Gongronella butleri
Gorhay1	Gorgonomyces	haynaldii	Gorgonomyces haynaldii
Greab1	Gremmeniella	abietina	Gremmeniella abietina
Guyne1	Guyanagaster	necrorhiza	Guyanagaster necrorhiza
Gyman1	Gymnopus	androsaceus	Gymnopus androsaceus
Gymau1	Gymnascella	aurantiaca	Gymnascella aurantiaca
Gymch1	Gymnopilus	chrysopellus	Gymnopilus chrysopellus
Gymci1	Gymnascella	citrina	Gymnascella citrina
Gymear1	Gymnopus	earleae	Gymnopus earleae
Gymlu1	Gymnopus	luxurians	Gymnopus luxurians
Gyrli1	Gyrodon	lividus	Gyrodon lividus
Halrad1	Halteromyces	radiatus	Halteromyces radiatus
Hanpo2	Hansenula	polymorpha	Hansenula polymorpha
Hanva1	Hanseniaspora	valbyensis	Hanseniaspora valbyensis
Hebcy2	Hebeloma	cylindrosporum	Hebeloma cylindrosporum
Helpul1	Helicostylum	pulchrum	Helicostylum pulchrum
Herpot1	Herpotrichia	sp.	Herpotrichia sp.
Hesve2finisherSC	Hesseltinella	vesiculosa	Hesseltinella vesiculosa
Hetan2	Heterobasidion	annosum	Heterobasidion annosum
Hetpy1	Heterogastridium	pycnidioideum	Heterogastridium pycnidioideum
Hexnit1	Hexagonia	nitida	Hexagonia nitida
Hompol1	Homolaphlyctis	polyrhiza	Homolaphlyctis polyrhiza
Horwer1	Hortaea	werneckii	Hortaea werneckii
Hyacur1	Hyaloraphidium	curvatum	Hyaloraphidium curvatum
Hydpi2	Hydnomerulius	pinastri	Hydnomerulius pinastri
Hygaur1	Hygrophoropsis	aurantiaca	Hygrophoropsis aurantiaca
Hymvar1	Hymenoscyphus	varicosporoides	Hymenoscyphus varicosporoides
Hypbu1	Hyphopichia	burtonii	Hyphopichia burtonii
HypCI4A	Hypoxylon	sp.	Hypoxylon sp.
HypCO275	Hypoxylon	sp.	Hypoxylon sp.
HypEC38	Hypoxylon	sp.	Hypoxylon sp.
Hypsu1	Hypholoma	sublateritium	Hypholoma sublateritium
Ilyeu1	Ilyonectria	europaea	Ilyonectria europaea
Ilyrob1	Ilyonectria	robusta	Ilyonectria robusta
Ilysp1	Ilyonectria	sp.	Ilyonectria sp.
Irplac1	Irpex	lacteus	Irpex lacteus
Jaaar1	Jaapia	argillacea	Jaapia argillacea
Karrh1	Karstenula	rhodostoma	Karstenula rhodostoma
Kicala1	Kickxella	alabastrina	Kickxella alabastrina
Kircor1	Kirkomyces	cordense	Kirkomyces cordense
Kocim1	Kockovaella	imperatae	Kockovaella imperatae
Kurca1	Kuraishia	capsulata	Kuraishia capsulata
Lacam2	Laccaria	amethystina	Laccaria amethystina
Lacbi2	Laccaria	bicolor	Laccaria bicolor
Lacpsa1	Lactarius	psammicola	Lactarius psammicola
Lacsub1	Lactifluus	cf.	Lactifluus cf.
Lacvol1	Lactifluus	cf.	Lactifluus cf.
Laesu1	Laetiporus	sulphureus	Laetiporus sulphureus
Lashi1	Lasiosphaeris	hispida	Lasiosphaeris hispida
Lashir1	Lasiosphaeris	hirsuta	Lasiosphaeris hirsuta
Lasmin1	Lasiosphaeria	miniovina	Lasiosphaeria miniovina
Lasov1	Lasiosphaeria	ovina	Lasiosphaeria ovina
Laxbic1	Laxitextum	bicolor	Laxitextum bicolor
LecAK0013	Lecythophora	sp.	Lecythophora sp.
Lenafn1	Lentinula	afn.	Lentinula afn.
Lenedo1	Lentinula	edodes	Lentinula edodes
Lenfl1	Lentithecium	fluviatile	Lentithecium fluviatile
Lenlat1	Lentinula	lateritia	Lentinula lateritia
Lenrap1	Lentinula	raphanica	Lentinula raphanica
Lenti6	Lentinus	tigrinus	Lentinus tigrinus
Lenti7	Lentinus	tigrinus	Lentinus tigrinus
Lentinedodes1	Lentinula	edodes	Lentinula edodes
Lepor2	Leptodontidium	orchidicola	Leptodontidium orchidicola
Leppa1	Lepidopterella	palustris	Lepidopterella palustris
Leucr1	Leucosporidiella	creatinivora	Leucosporidiella creatinivora
Leumo1	Leucogyrophana	mollusca	Leucogyrophana mollusca
Liccor1	Lichtheimia	corymbifera	Lichtheimia corymbifera
Lichy1	Lichtheimia	hyalospora	Lichtheimia hyalospora
Linpe1	Linderina	pennispora	Linderina pennispora
Linth1	Lindra	thalassiae	Lindra thalassiae
Lipst1	Lipomyces	starkeyi	Lipomyces starkeyi
Lobpul1	Lobaria	pulmonaria	Lobaria pulmonaria
LobpulAf1	Lobaria	pulmonaria	Lobaria pulmonaria
LobpulSc1	Lobaria	pulmonaria	Lobaria pulmonaria
LobpulSp1	Lobaria	pulmonaria	Lobaria pulmonaria
LobpulSw1	Lobaria	pulmonaria	Lobaria pulmonaria
Lobtra1	Lobosporangium	transversale	Lobosporangium transversale
Lodelo1	Lodderomyces	elongisporus	Lodderomyces elongisporus
Lopma1	Lophiostoma	macrostomum	Lophiostoma macrostomum
Lopmy1	Lophium	mytilinum	Lophium mytilinum
Lopnit1	Lophodermium	nitens	Lophodermium nitens
Lopnu1	Lophiotrema	nucula	Lophiotrema nucula
Lycper1	Lycoperdon	perlatum	Lycoperdon perlatum
Macan1	Macroventuria	anomochaeta	Macroventuria anomochaeta
Macfu1	Macrolepiota	fuliginosa	Macrolepiota fuliginosa
Macpha1	Macrophomina	phaseolina	Macrophomina phaseolina
Malgl1	Malassezia	globosa	Malassezia globosa
MarPMI226	Mariannaea	sp.	Mariannaea sp.
Marpt1	Martensiomyces	pterosporus	Martensiomyces pterosporus
Masph1	Massariosphaeria	phaeospora	Massariosphaeria phaeospora
Melbi2	Meliniomyces	bicolor	Meliniomyces bicolor
Melpu1	Melanomma	pulvis-pyrius	Melanomma pulvis-pyrius
Melsp1	Melanconium	sp.	Melanconium sp.
Meltu1	Melanops	tulasnei	Melanops tulasnei
Melva1	Meliniomyces	variabilis	Meliniomyces variabilis
Metbi1	Metschnikowia	bicuspidata	Metschnikowia bicuspidata
Metbi	Metschnikowia	bicuspidata	Metschnikowia bicuspidata
Metfru2	Metschnikowia	fructicola	Metschnikowia fructicola
Metro1	Metarhizium	robertsii	Metarhizium robertsii
Meygui1	Meyerozyma	guilliermondii	Meyerozyma guilliermondii
Micbo1	Microdochium	bolleyi	Microdochium bolleyi
Micld1	Microbotryum	lychnidis-dioicae	Microbotryum lychnidis-dioicae
Mictri1	Microdochium	trichocladiopsis	Microdochium trichocladiopsis
Mixos1	Mixia	osmundae	Mixia osmundae
Moeaph1	Moesziomyces	aphidis	Moesziomyces aphidis
Monili2	Moniliella	sp	Moniliella sp
Monpu1	Monascus	purpureus	Monascus purpureus
Monru1	Monascus	ruber	Monascus ruber
Morco1	Morchella	importuna	Morchella importuna
Morel2	Mortierella	elongata	Mortierella elongata
Morel	Morchella	importuna	Morchella importuna
Mormul1	Mortierella	multidivaricata	Mortierella multidivaricata
Morsny1	Morchella	snyderi	Morchella snyderi
Morve1	Mortierella	verticillata	Mortierella verticillata
Mucci2	Mucor	circinelloides	Mucor circinelloides
Muloch1	Multifurca	ochricompacta	Multifurca ochricompacta
Myc59	Mycena	sp	Mycena sp
Mycafr1	Mycotypha	africana	Mycotypha africana
Mycalb1	Mycena	albidolilacea	Mycena albidolilacea
Mycale1	Mycena	alexandri	Mycena alexandri
Mycami1	Mycena	amicta	Mycena amicta
Mycbel1	Mycena	belliae	Mycena belliae
Myccro1	Mycena	crocata	Mycena crocata
Mycepi1	Mycena	epipterygia	Mycena epipterygia
Mycfi2	Mycosphaerella	fijiensis	Mycosphaerella fijiensis
Mycfil1	Mycena	filopes	Mycena filopes
Mycflo1	Mycena	floridula	Mycena floridula
Mycgal1	Mycena	galopus	Mycena galopus
Mycgr3	Mycosphaerella	graminicola	Mycosphaerella graminicola
Mychae1	Mycena	haematopus	Mycena haematopus
Mychet1	Myceliophthora	heterothallica	Myceliophthora heterothallica
Mycreb1	Mycena	rebaudengi	Mycena rebaudengi
Mycros1	Mycena	rosella	Mycena rosella
Mycrub1	Mycena	capillaripes	Mycena capillaripes
Mycsan1	Mycena	sanguinolenta	Mycena sanguinolenta
Mycvit1	Mycena	vitilis	Mycena vitilis
Myrdu1	Myriangium	duriaei	Myriangium duriaei
Myxme1	Myxozyma	melibiosi	Myxozyma melibiosi
Nadfu1	Nadsonia	fulvescens	Nadsonia fulvescens
Naifl1	Naiadella	fluitans	Naiadella fluitans
Nakbac1	Nakaseomyces	bacillisporus	Nakaseomyces bacillisporus
Nakdel1	Nakaseomyces	delphensis	Nakaseomyces delphensis
Necha2	Nectria	haematococca	Nectria haematococca
Neodi1	Neonectria	ditissima	Neonectria ditissima
Neoirr1	Neolecta	irregularis	Neolecta irregularis
Neole1	Neolentinus	lepideus	Neolentinus lepideus
Neosp1	Neocallimastix	californiae	Neocallimastix californiae
Neucr4830	Neurospora	crassa	Neurospora crassa
Neucr	Neurospora	crassa	Neurospora crassa
Neuhi1	Neurospora	hispaniola	Neurospora hispaniola
Neute	Neurospora	tetrasperma	Neurospora tetrasperma
Niavib1	Nia	vibrissa	Nia vibrissa
Obbri1	Obba	rivulosa	Obba rivulosa
Obemuc1	Obelidium	mucronatum	Obelidium mucronatum
Ogapa1	Ogataea	parapolymorpha	Ogataea parapolymorpha
Oidma1	Oidiodendron	maius	Oidiodendron maius
Olipa1	Oliveonia	pauxilla	Oliveonia pauxilla
Ophdi1	Ophiobolus	disseminans	Ophiobolus disseminans
Ophnu1	Ophiostoma	novo-ulmi	Ophiostoma novo-ulmi
Pacta1	Pachysolen	tannophilus	Pachysolen tannophilus
Paevar1	Paecilomyces	variotii	Paecilomyces variotii
Paevar	Paecilomyces	variotii	Paecilomyces variotii
Panpap1	Panaeolus	papilionaceus	Panaeolus papilionaceus
Panst	Panellus	stipticus	Panellus stipticus
Parbra1	Paracoccidioides	brasiliensis	Paracoccidioides brasiliensis
Parch1	Paraphoma	chrysanthemicola	Paraphoma chrysanthemicola
Parsed1	Paraphysoderma	sedebokerense	Paraphysoderma sedebokerense
Parsp1	Paraconiothyrium	sporulosum	Paraconiothyrium sporulosum
Patat1	Patellaria	atrata	Patellaria atrata
Paxin1	Paxillus	involutus	Paxillus involutus
Paxru2	Paxillus	adelphus	Paxillus adelphus
Penac1	Penicillium	aculeatum	Penicillium aculeatum
Penant1	Penicillium	antarcticum	Penicillium antarcticum
Penbi1	Penicillium	"bilaiae,"	"Penicillium bilaiae,"
Penbr2	Penicillium	brevicompactum	Penicillium brevicompactum
PenbrAgRF18	Penicillium	brevicompactum	Penicillium brevicompactum
Penca1	Penicillium	"canescens,"	"Penicillium canescens,"
Pench1	Penicillium	chrysogenum	Penicillium chrysogenum
Pencop1	Penicillium	coprophilum	Penicillium coprophilum
Pendec1	Penicillium	decumbens	Penicillium decumbens
Pendig1	Penicillium	digitatum	Penicillium digitatum
Penex1	Penicillium	"expansum,"	"Penicillium expansum,"
Penexp1	Penicillium	expansum	Penicillium expansum
Penfe1	Penicillium	"fellutanum,"	"Penicillium fellutanum,"
Penfla1	Penicillium	flavigenum	Penicillium flavigenum
Pengl1	Penicillium	"glabrum,"	"Penicillium glabrum,"
Pengri1	Penicillium	griseofulvum	Penicillium griseofulvum
Penita1	Penicillium	italicum	Penicillium italicum
Penja1	Penicillium	janthinellum	Penicillium janthinellum
Penla1	Penicillium	"lancoscoeruleum,"	"Penicillium lancoscoeruleum,"
Pennal1	Penicillium	nalgiovense	Penicillium nalgiovense
Penpol1	Penicillium	polonicum	Penicillium polonicum
Penra1	Penicillium	raistrickii	Penicillium raistrickii
Pensol1	Penicillium	solitum	Penicillium solitum
Penste1	Penicillium	steckii	Penicillium steckii
Pensub1	Penicillium	subrubescens	Penicillium subrubescens
Penswi1	Penicillium	sp	Penicillium sp
Penvul1	Penicillium	vulpinum	Penicillium vulpinum
Pezech1	Peziza	echinospora	Peziza echinospora
Phaart1	Phascolomyces	articulosus	Phascolomyces articulosus
Phaca1	Phanerochaete	carnosa	Phanerochaete carnosa
PhaeoFL0889	Phaeoacremonium	sp.	Phaeoacremonium sp.
Phapla1	Phaeosolenia	platensis	Phaeosolenia platensis
Phapo1	Phaeosphaeria	poagena	Phaeosphaeria poagena
Phchr2	Phanerochaete	chrysosporium	Phanerochaete chrysosporium
Phcit1	Phyllosticta	citribraziliensis	Phyllosticta citribraziliensis
Phcitr1	Phyllosticta	citrichinaensis	Phyllosticta citrichinaensis
Phefer1	Phellinus	ferrugineofuscus	Phellinus ferrugineofuscus
Pheign1	Phellinus	igniarius	Phellinus igniarius
Pheni1	Phellopilus	nigrolimitatus	Phellopilus nigrolimitatus
Phiatt1	Phialophora	attae	Phialophora attae
Phimu1	Leotiomycetes	sp.	Leotiomycetes sp.
Phisc1	Phialocephala	scopiformis	Phialocephala scopiformis
Phlbr1	Phlebia	brevispora	Phlebia brevispora
Phlcen1	Phlebia	centrifuga	Phlebia centrifuga
Phlgi1	Phlebiopsis	gigantea	Phlebiopsis gigantea
Phoaln1	Pholiota	alnicola	Pholiota alnicola
Phohig1	Pholiota	molesta	Pholiota molesta
Photr1	Phoma	tracheiphila	Phoma tracheiphila
Phy27169	Phyllosticta	paracitricarpa	Phyllosticta paracitricarpa
Phybl2	Phycomyces	blakesleeanus	Phycomyces blakesleeanus
Phycap1	Phyllosticta	capitalensis	Phyllosticta capitalensis
Phycit1	Phyllosticta	citriasiana	Phyllosticta citriasiana
Phycitr1	Phyllosticta	citricarpa	Phyllosticta citricarpa
Phycpc1	Phyllosticta	sp.	Phyllosticta sp.
Picme2	Pichia	membranifaciens	Pichia membranifaciens
Picst3	Pichia	stipitis	Pichia stipitis
Pieho1	Piedraia	hortae	Piedraia hortae
Pilano1	Pilaira	anomala	Pilaira anomala
Pilcr1	Piloderma	croceum	Piloderma croceum
Pilidi1	Coniella	lustricola	Coniella lustricola
Pilumb1	Pilobolus	umbonatus	Pilobolus umbonatus
Pipbet1	Fomitopsis	betulina	Fomitopsis betulina
Pipcy3	Piptocephalis	cylindrospora	Piptocephalis cylindrospora
Piptie1	Piptocephalis	tieghemiana	Piptocephalis tieghemiana
PirE2	Piromyces	sp.	Piromyces sp.
Pirfi3	Piromyces	finnis	Piromyces finnis
Pismi1	Pisolithus	microcarpus	Pisolithus microcarpus
Pisti1	Pisolithus	tinctorius	Pisolithus tinctorius
Pleav1	Halojulella	avicennia	Halojulella avicennia
Plecuc1	Plectosphaerella	cucumerina	Plectosphaerella cucumerina
PleosPC15	Pleurotus	ostreatus	Pleurotus ostreatus
Plesi1	Pleomassaria	siparia	Pleomassaria siparia
Plicr1	Plicaturopsis	crispa	Plicaturopsis crispa
PnitS607	Phycomyces	nitens	Phycomyces nitens
PnitS608	Phycomyces	nitens	Phycomyces nitens
PnitS609	Phycomyces	nitens	Phycomyces nitens
Pocchl1	Pochonia	chlamydosporia	Pochonia chlamydosporia
Podan3	Podospora	anserina	Podospora anserina
Podans1	Podospora	anserina	Podospora anserina
Podap1	Podospora	appendiculata	Podospora appendiculata
Poddi1	Podospora	didyma	Podospora didyma
Polar1	Polyporus	arcularius	Polyporus arcularius
Polci1	Polychaeton	citri	Polychaeton citri
Polfu1	Polyplosphaeria	fusca	Polyplosphaeria fusca
Polsqu1	Polyporus	squamosus	Polyporus squamosus
Pospl1	Postia	placenta	Postia placenta
PosplRSB12	Postia	placenta	Postia placenta
Powhir1	Powellomyces	hirtus	Powellomyces hirtus
Prola1	Protomyces	lactucaedebilis	Protomyces lactucaedebilis
Psehy1	Pseudovirgaria	hyperparasitica	Pseudovirgaria hyperparasitica
Pseudest1	Pseudogymnoascus	destructans	Pseudogymnoascus destructans
Pseve2	Pseudomassariella	vexata	Pseudomassariella vexata
Psicub1	Psilocybe	cubensis	Psilocybe cubensis
Psiser1	Psilocybe	serbica	Psilocybe serbica
PuccoNC29	Puccinia	coronata	Puccinia coronata
PuccoSD80	Puccinia	coronata	Puccinia coronata
Pucst	Puccinia	striiformis	Puccinia striiformis
Pucstr1	Puccinia	striiformis	Puccinia striiformis
Punst1	Punctularia	strigosozonata	Punctularia strigosozonata
Pursp1	Purpureocillium	sp.	Purpureocillium sp.
Pycci1	Pycnoporus	cinnabarinus	Pycnoporus cinnabarinus
Pyccin1	Pycnoporus	cinnabarinus	Pycnoporus cinnabarinus
Pycco1662	Pycnoporus	coccineus	Pycnoporus coccineus
Pycco1	Pycnoporus	coccineus	Pycnoporus coccineus
Pycsa1	Pycnoporus	sanguineus	Pycnoporus sanguineus
Pyrly1	Pyrenochaeta	lycopersici	Pyrenochaeta lycopersici
Pyrsp1	Pyrenochaeta	sp.	Pyrenochaeta sp.
Radspe1	Radiomyces	spectabilis	Radiomyces spectabilis
Ramac1	Ramaria	acris	Ramaria acris
Rambr1	Ramicandelaber	brevisporus	Ramicandelaber brevisporus
Rhesp1	Rhexocercosporidium	sp.	Rhexocercosporidium sp.
Rhier1	Rhizoscyphus	ericae	Rhizoscyphus ericae
Rhihy1	Rhizoclosmatium	globosum	Rhizoclosmatium globosum
Rhimi1	Rhizopus	microsporus	Rhizopus microsporus
Rhimi	Rhizopus	microsporus	Rhizopus microsporus
Rhimi	Rhizopus	microsporus	Rhizopus microsporus
Rhisa1	Rhizopogon	salebrosus	Rhizopogon salebrosus
Rhitru1	Rhizopogon	truncatus	Rhizopogon truncatus
Rhives1	Rhizopogon	vesiculosus	Rhizopogon vesiculosus
Rhivi1	Rhizopogon	vinicolor	Rhizopogon vinicolor
Rhivul1	Rhizopogon	vulgaris	Rhizopogon vulgaris
Rhoba1	Rhodotorula	graminis	Rhodotorula graminis
Rhodia1	Rhodosporidium	diobovatum	Rhodosporidium diobovatum
Rhomi1	Cystobasidium	minutum	Cystobasidium minutum
Rhosp1	Rhodotorula	sp.	Rhodotorula sp.
Rhoto	Rhodosporidium	toruloides	Rhodosporidium toruloides
Ricme1	Peniophora	sp.	Peniophora sp.
Rigmic1	Rigidoporus	microporus	Rigidoporus microporus
Rozal	Rozella	allomycis	Rozella allomycis
Rusbre1	Russula	brevipes	Russula brevipes
Ruscom1	Russula	compacta	Russula compacta
Rusdis1	Russula	dissimulans	Russula dissimulans
Rusoch1	Russula	ochroleuca	Russula ochroleuca
Rusrug1	Russula	aff.	Russula aff.
Rusvin1	Russula	vinacea	Russula vinacea
SacceM3707	Saccharomyces	cerevisiae	Saccharomyces cerevisiae
SacceM3836	Saccharomyces	cerevisiae	Saccharomyces cerevisiae
SacceM3837	Saccharomyces	cerevisiae	Saccharomyces cerevisiae
SacceM3838	Saccharomyces	cerevisiae	Saccharomyces cerevisiae
SacceM3839	Saccharomyces	cerevisiae	Saccharomyces cerevisiae
SacceYB210	Saccharomyces	cerevisiae	Saccharomyces cerevisiae
Sacpr1	Saccharata	proteae	Saccharata proteae
Saico1	Saitoella	complicata	Saitoella complicata
Sakvas1	Saksenaea	vasiformis	Saksenaea vasiformis
Schco3	Schizophyllum	commune	Schizophyllum commune
Schco	Schizophyllum	commune	Schizophyllum commune
Schco	Schizophyllum	commune	Schizophyllum commune
Schpa1	Schizopora	paradoxa	Schizopora paradoxa
Schves1	Schizothecium	vesticola	Schizothecium vesticola
Sclci1	Scleroderma	citrinum	Scleroderma citrinum
Sclsan1	Sclerophora	sanguinea	Sclerophora sanguinea
Sebve1	Sebacina	vermifera	Sebacina vermifera
Sepmu1	Septoria	musiva	Septoria musiva
Serend1	Serendipita	sp.	Serendipita sp.
SerlaS7	Serpula	lacrymans	Serpula lacrymans
SerlaS7	Serpula	lacrymans	Serpula lacrymans
Serla	Serpula	himantioides	Serpula himantioides
Settu3	Setosphaeria	turcica	Setosphaeria turcica
Settur3	Setosphaeria	turcica	Setosphaeria turcica
Sisbr1	Lentinus	tigrinus	Lentinus tigrinus
Sisni1	Sistotremastrum	niveocremeum	Sistotremastrum niveocremeum
Sissu1	Sistotremastrum	suecicum	Sistotremastrum suecicum
Slopil1	Slooffia	pilatii	Slooffia pilatii
SmiculW2	Smittium	culicis	Smittium culicis
SmicuMNP	Smittium	culicis	Smittium culicis
Smimuc2	Smittium	mucronatum	Smittium mucronatum
Sodal1	Sodiomyces	alkalinus	Sodiomyces alkalinus
Sorbr1	Sordaria	brevicollis	Sordaria brevicollis
Spalat1	Sparassis	latifolia	Sparassis latifolia
Spapa3	Spathaspora	passalidarum	Spathaspora passalidarum
Sphst1	Sphaerobolus	stellatus	Sphaerobolus stellatus
Spifus1	Spinellus	fusiger	Spinellus fusiger
Spofi1	Sporormia	fimetaria	Sporormia fimetaria
Spoli1	Sporobolomyces	linderae	Sporobolomyces linderae
Sporo1	Sporobolomyces	roseus	Sporobolomyces roseus
Spoth2	Myceliophthora	thermophila	Myceliophthora thermophila
Spoumb1	Sporodiniella	umbellata	Sporodiniella umbellata
Stael1	Stachybotrys	elegans	Stachybotrys elegans
Stasp1	Stagonospora	sp.	Stagonospora sp.
Stehi1	Stereum	hirsutum	Stereum hirsutum
Stely1	Stemphylium	lycopersici	Stemphylium lycopersici
Stobe1	Stomiopeltis	betulae	Stomiopeltis betulae
Suiamp1	Suillus	ampliporus	Suillus ampliporus
Suibr2	Suillus	brevipes	Suillus brevipes
Suicli1	Suillus	clintonianus	Suillus clintonianus
Suicot1	Suillus	cothurnatus	Suillus cothurnatus
Suilu4	Suillus	luteus	Suillus luteus
Suisu1	Suillus	subalutaceus	Suillus subalutaceus
Suisub1	Suillus	subaureus	Suillus subaureus
Suitom1	Suillus	tomentosus	Suillus tomentosus
Symko1	Symbiotaphrina	kochii	Symbiotaphrina kochii
Synfus1	Syncephalis	fuscata	Syncephalis fuscata
Synplu1	Syncephalis	plumigaleata	Syncephalis plumigaleata
Synps1	Syncephalis	pseudoplumigaleata	Syncephalis pseudoplumigaleata
Synrac1	Syncephalastrum	racemosum	Syncephalastrum racemosum
Talabor1	Talaromyces	borbonicus	Talaromyces borbonicus
Talpro1	Talaromyces	proteolyticus	Talaromyces proteolyticus
Tercla1	Terfezia	claveryi	Terfezia claveryi
Ternu1	Teratosphaeria	nubilosa	Teratosphaeria nubilosa
Thacu1	Thanatephorus	cucumeris	Thanatephorus cucumeris
Thasp1	Thamnocephalis	sphaerospora	Thamnocephalis sphaerospora
Theau1	Thermoascus	aurantiacus	Thermoascus aurantiacus
Thelan1	Thermomyces	lanuginosus	Thermomyces lanuginosus
Thian1	Thielavia	antarctica	Thielavia antarctica
Thiap1	Thielavia	appendiculata	Thielavia appendiculata
Thiar1	Thielavia	arenaria	Thielavia arenaria
Thihy1	Thielavia	hyrcaniae	Thielavia hyrcaniae
Thite2	Thielavia	terrestris	Thielavia terrestris
ThoPMI491	Thozetella	sp.	Thozetella sp.
Tilan2	Tilletiaria	anomala	Tilletiaria anomala
Tillet1	Tilletiopsis	sp	Tilletiopsis sp
Tolinf1	Tolypocladium	inflatum	Tolypocladium inflatum
Totfu1	Tothia	fuscella	Tothia fuscella
Trabet1	Trametes	betulina	Trametes betulina
Tragib1	Trametes	gibbosa	Trametes gibbosa
Tralac1	Leiotrametes	lactinea	Leiotrametes lactinea
Tralj1	Trametes	ljubarskyi	Trametes ljubarskyi
Tramax1	Trametes	maxima	Trametes maxima
Tramen1	Leiotrametes	menziesii	Leiotrametes menziesii
Tramey1	Trametes	meyenii	Trametes meyenii
Trapol1	Trametes	polyzona	Trametes polyzona
Trapub1	Trametes	pubescens	Trametes pubescens
Trave1	Trametes	versicolor	Trametes versicolor
Treen1	Naematella	encephala	Naematella encephala
Treme1	Tremella	mesenterica	Tremella mesenterica
Trepe1	Trematosphaeria	pertusa	Trematosphaeria pertusa
Triab1	Trichaptum	abietinum	Trichaptum abietinum
Triarc1	Triparticalcar	arcticum	Triparticalcar arcticum
Trias1	Trichoderma	asperellum	Trichoderma asperellum
Trias2479	Trichosporon	asahii	Trichosporon asahii
Trias8904	Trichosporon	asahii	Trichosporon asahii
Triat2	Trichoderma	atroviride	Trichoderma atroviride
Trici4	Trichoderma	citrinoviride	Trichoderma citrinoviride
Trigam1	Trichoderma	gamsii	Trichoderma gamsii
Triha1	Trichoderma	harzianum	Trichoderma harzianum
Trihyb1	Trichophaea	hybrida	Trichophaea hybrida
Trilo3	Trichoderma	longibrachiatum	Trichoderma longibrachiatum
Trima3	Tricholoma	matsutake	Tricholoma matsutake
Triol1	Trichosporon	oleaginosus	Trichosporon oleaginosus
Tripra1	Tricharina	praecox	Tricharina praecox
Trire2	Trichoderma	reesei	Trichoderma reesei
TrireRUTC30	Trichoderma	reesei	Trichoderma reesei
Trisp1	Tritirachium	sp.	Tritirachium sp.
TriviGv29	Trichoderma	virens	Trichoderma virens
Truan1	Truncatella	angustata	Truncatella angustata
Tryvi1	Trypethelium	virens	Trypethelium virens
Tulca1	Tulasnella	calospora	Tulasnella calospora
Tulcal1	Tulasnella	calospora	Tulasnella calospora
Umbisa1	Umbelopsis	isabellina	Umbelopsis isabellina
Umbra1	Umbelopsis	ramanniana	Umbelopsis ramanniana
Umbsp	Umbelopsis	sp.1	Umbelopsis sp.1
Uroocc1	Urocystis	occulta	Urocystis occulta
Uropr1	Urocystis	primulicola	Urocystis primulicola
Usthor1	Ustilago	hordei	Ustilago hordei
Ustma2	Ustilago	maydis	Ustilago maydis
Ustvir1	Ustilaginoidea	virens	Ustilaginoidea virens
Velabi1	Veluticeps	abietina	Veluticeps abietina
Veren1	Verruculina	enalia	Verruculina enalia
Verga1	Verruconis	gallopava	Verruconis gallopava
Vuico1	Vuilleminia	comedens	Vuilleminia comedens
Vuicom1	Vuilleminia	comedens	Vuilleminia comedens
Walse1	Wallemia	mellicola	Wallemia mellicola
Wesor1	Westerdykella	ornata	Westerdykella ornata
Wican1	Wickerhamomyces	anomalus	Wickerhamomyces anomalus
Wicdo1	Wickerhamiella	domercqiae	Wickerhamiella domercqiae
Wilmi1	Wilcoxina	mikolae	Wilcoxina mikolae
Wolco1	Wolfiporia	cocos	Wolfiporia cocos
Xylhe1	Xylona	heveae	Xylona heveae
XylPMI506	Xylariales	sp.	Xylariales sp.
Yarlip1	Yarrowia	lipolytica	Yarrowia lipolytica
Zancul2	Zancudomyces	culisetae	Zancudomyces culisetae
Zasce1	Zasmidium	cellare	Zasmidium cellare
Zoorad1	Zoophthora	radicans	Zoophthora radicans
Zoprh1	Zopfia	rhizophila	Zopfia rhizophila
Zycmex1	Zychaea	mexicana	Zychaea mexicana
Zyghet1	Mucor	heterogamous	Mucor heterogamous
Zymbr1	Zymoseptoria	brevis	Zymoseptoria brevis